{
  "timestamp": "2025-07-11 19:57:46",
  "best_weights": [
    0.9172208552994668,
    0.013885753855353298,
    0.03237988289426607,
    0.007595665116375784,
    0.021241012954551948,
    0.007676829879985942
  ],
  "best_score": 0.5449422456065041,
  "current_analysis": {
    "current_weights": [
      0.17,
      0.16,
      0.17,
      0.16,
      0.17,
      0.17
    ],
    "avg_score": 0.5489990927687188,
    "std_score": 0.066902123618012,
    "n_valid_curves": 1674156,
    "score_distribution": {
      "min": 0.3338897590750836,
      "max": 0.8027744750373961,
      "median": 0.5557545139123938,
      "q25": 0.4978102412783745,
      "q75": 0.5897656607345263
    }
  },
  "recommendation": {
    "current_weights": [
      0.17,
      0.16,
      0.17,
      0.16,
      0.17,
      0.17
    ],
    "suggested_weights": [
      0.9172208552994668,
      0.013885753855353298,
      0.03237988289426607,
      0.007595665116375784,
      0.021241012954551948,
      0.007676829879985942
    ],
    "improvement": -0.004056847162214772,
    "metrics_description": [
      "r2",
      "slope_nl",
      "rdd_nl",
      "calmar_nl",
      "trade_nl",
      "wf_nl"
    ]
  }
}